
-- Data for Name: games; Type: TABLE DATA; Schema: public; Owner: mafia
--

INSERT INTO public.games (id, result, status, comments, created_at) VALUES (1, 'civilians_won', 'ended', '', '2024-11-16 01:25:00.218999');
INSERT INTO public.games (id, result, status, comments, created_at) VALUES (2, 'mafia_won', 'ended', '', '2024-11-16 01:26:45.398117');
INSERT INTO public.games (id, result, status, comments, created_at) VALUES (3, 'mafia_won', 'ended', '', '2024-11-16 01:29:57.74338');
INSERT INTO public.games (id, result, status, comments, created_at) VALUES (4, 'civilians_won', 'ended', '', '2024-11-16 01:31:05.105505');
INSERT INTO public.games (id, result, status, comments, created_at) VALUES (5, 'mafia_won', 'ended', '', '2024-11-16 01:32:09.215113');
INSERT INTO public.games (id, result, status, comments, created_at) VALUES (6, 'mafia_won', 'ended', '', '2024-11-16 01:33:23.902796');
INSERT INTO public.games (id, result, status, comments, created_at) VALUES (7, 'civilians_won', 'ended', '', '2024-11-16 01:36:23.95905');
INSERT INTO public.games (id, result, status, comments, created_at) VALUES (8, 'civilians_won', 'ended', '', '2024-11-16 01:37:43.838156');
INSERT INTO public.games (id, result, status, comments, created_at) VALUES (9, 'mafia_won', 'ended', '', '2024-11-18 19:37:33.621902');
INSERT INTO public.games (id, result, status, comments, created_at) VALUES (10, 'mafia_won', 'ended', '', '2024-11-18 19:45:23.641645');
INSERT INTO public.games (id, result, status, comments, created_at) VALUES (11, 'mafia_won', 'ended', '', '2024-11-25 18:37:38.031519');
INSERT INTO public.games (id, result, status, comments, created_at) VALUES (12, 'civilians_won', 'ended', '', '2024-11-25 20:05:24.556659');
INSERT INTO public.games (id, result, status, comments, created_at) VALUES (13, 'mafia_won', 'ended', '', '2024-12-05 00:57:12.858511');
INSERT INTO public.games (id, result, status, comments, created_at) VALUES (14, 'civilians_won', 'ended', '', '2024-12-05 01:02:25.304167');
INSERT INTO public.games (id, result, status, comments, created_at) VALUES (15, 'civilians_won', 'ended', '', '2024-12-05 01:03:32.052293');
INSERT INTO public.games (id, result, status, comments, created_at) VALUES (16, 'civilians_won', 'ended', '', '2024-12-09 18:37:28.79627');
INSERT INTO public.games (id, result, status, comments, created_at) VALUES (18, 'mafia_won', 'ended', '', '2024-12-09 20:39:50.049068');
INSERT INTO public.games (id, result, status, comments, created_at) VALUES (17, 'civilians_won', 'ended', '', '2024-12-09 19:52:17.200878');
INSERT INTO public.games (id, result, status, comments, created_at) VALUES (19, 'mafia_won', 'ended', '', '2024-12-16 18:40:08.892024');
INSERT INTO public.games (id, result, status, comments, created_at) VALUES (20, 'civilians_won', 'ended', '', '2024-12-16 19:41:15.815474');
INSERT INTO public.games (id, result, status, comments, created_at) VALUES (21, 'civilians_won', 'ended', '', '2024-12-16 20:41:32.88208');
INSERT INTO public.games (id, result, status, comments, created_at) VALUES (22, 'mafia_won', 'ended', '', '2024-12-23 18:36:54.392134');
INSERT INTO public.games (id, result, status, comments, created_at) VALUES (23, 'civilians_won', 'ended', '', '2024-12-23 19:47:08.571274');
INSERT INTO public.games (id, result, status, comments, created_at) VALUES (24, 'mafia_won', 'ended', '', '2024-12-23 20:47:27.868861');
INSERT INTO public.games (id, result, status, comments, created_at) VALUES (25, 'civilians_won', 'ended', '', '2025-01-13 18:36:29.636519');
INSERT INTO public.games (id, result, status, comments, created_at) VALUES (26, 'civilians_won', 'ended', '', '2025-01-13 19:37:58.151569');
INSERT INTO public.games (id, result, status, comments, created_at) VALUES (27, 'mafia_won', 'ended', '', '2025-01-20 18:35:43.628519');
INSERT INTO public.games (id, result, status, comments, created_at) VALUES (28, 'civilians_won', 'ended', '', '2025-01-20 19:49:25.886049');
INSERT INTO public.games (id, result, status, comments, created_at) VALUES (29, 'civilians_won', 'ended', '', '2025-01-27 19:25:00.461717');
INSERT INTO public.games (id, result, status, comments, created_at) VALUES (30, 'civilians_won', 'ended', '', '2025-01-27 20:26:22.399464');
INSERT INTO public.games (id, result, status, comments, created_at) VALUES (31, 'mafia_won', 'ended', '', '2025-02-10 18:36:59.489187');
INSERT INTO public.games (id, result, status, comments, created_at) VALUES (32, 'mafia_won', 'ended', '', '2025-02-10 19:41:51.59159');
INSERT INTO public.games (id, result, status, comments, created_at) VALUES (33, 'mafia_won', 'ended', '', '2025-02-10 20:51:52.651523');
INSERT INTO public.games (id, result, status, comments, created_at) VALUES (34, 'mafia_won', 'ended', '', '2025-02-24 18:38:56.000626');
INSERT INTO public.games (id, result, status, comments, created_at) VALUES (35, 'mafia_won', 'ended', '', '2025-02-24 20:03:33.423024');


--
-- Data for Name: players; Type: TABLE DATA; Schema: public; Owner: mafia
--

INSERT INTO public.players (id, fio, nickname) VALUES (1, 'Владимир', 'Лишний');
INSERT INTO public.players (id, fio, nickname) VALUES (34, 'Саша', 'Гюнтер');
INSERT INTO public.players (id, fio, nickname) VALUES (35, 'Лёша', 'Штурмовик');
INSERT INTO public.players (id, fio, nickname) VALUES (36, 'Дима', 'Пицца');
INSERT INTO public.players (id, fio, nickname) VALUES (37, 'Вова', 'Ребус');
INSERT INTO public.players (id, fio, nickname) VALUES (38, 'Маша', 'Дежавю');
INSERT INTO public.players (id, fio, nickname) VALUES (39, 'Денис', 'Ковальский');
INSERT INTO public.players (id, fio, nickname) VALUES (40, 'Витя', 'Черный принц');
INSERT INTO public.players (id, fio, nickname) VALUES (41, 'Костя', 'Розовый');
INSERT INTO public.players (id, fio, nickname) VALUES (42, 'Саша', 'Плиза');
INSERT INTO public.players (id, fio, nickname) VALUES (43, 'Ксюша', 'Одиссея');
INSERT INTO public.players (id, fio, nickname) VALUES (44, 'Миша', 'Эхо');
INSERT INTO public.players (id, fio, nickname) VALUES (45, 'Сергей', 'Козырь');
INSERT INTO public.players (id, fio, nickname) VALUES (47, 'Игорь', 'Борода');
INSERT INTO public.players (id, fio, nickname) VALUES (48, 'Александр', 'Конь');
INSERT INTO public.players (id, fio, nickname) VALUES (49, 'Миша', 'Лао-Ши');
INSERT INTO public.players (id, fio, nickname) VALUES (46, 'Саня', '2.5');
INSERT INTO public.players (id, fio, nickname) VALUES (50, 'Егор', 'Флойд');
INSERT INTO public.players (id, fio, nickname) VALUES (51, 'Ростислав', 'Манул');
INSERT INTO public.players (id, fio, nickname) VALUES (52, 'Антон', 'Новенький');
INSERT INTO public.players (id, fio, nickname) VALUES (53, 'Настя', 'Виннерка');


--
-- Data for Name: players_games; Type: TABLE DATA; Schema: public; Owner: mafia
--

INSERT INTO public.players_games (player_id, game_id, role, number, in_best_move, is_first_killed) VALUES (35, 1, 'civilian', 3, false, false);
INSERT INTO public.players_games (player_id, game_id, role, number, in_best_move, is_first_killed) VALUES (38, 1, 'civilian', 4, false, false);
INSERT INTO public.players_games (player_id, game_id, role, number, in_best_move, is_first_killed) VALUES (44, 1, 'civilian', 7, false, false);
INSERT INTO public.players_games (player_id, game_id, role, number, in_best_move, is_first_killed) VALUES (40, 1, 'don', 9, false, false);
INSERT INTO public.players_games (player_id, game_id, role, number, in_best_move, is_first_killed) VALUES (36, 2, 'civilian', 2, false, false);
INSERT INTO public.players_games (player_id, game_id, role, number, in_best_move, is_first_killed) VALUES (34, 2, 'mafia', 3, false, false);
INSERT INTO public.players_games (player_id, game_id, role, number, in_best_move, is_first_killed) VALUES (41, 2, 'mafia', 4, false, false);
INSERT INTO public.players_games (player_id, game_id, role, number, in_best_move, is_first_killed) VALUES (43, 2, 'civilian', 7, false, false);
INSERT INTO public.players_games (player_id, game_id, role, number, in_best_move, is_first_killed) VALUES (37, 2, 'civilian', 9, false, false);
INSERT INTO public.players_games (player_id, game_id, role, number, in_best_move, is_first_killed) VALUES (42, 2, 'don', 10, false, false);
INSERT INTO public.players_games (player_id, game_id, role, number, in_best_move, is_first_killed) VALUES (43, 3, 'civilian', 1, false, false);
INSERT INTO public.players_games (player_id, game_id, role, number, in_best_move, is_first_killed) VALUES (40, 3, 'mafia', 2, false, false);
INSERT INTO public.players_games (player_id, game_id, role, number, in_best_move, is_first_killed) VALUES (44, 3, 'sheriff', 3, false, false);
INSERT INTO public.players_games (player_id, game_id, role, number, in_best_move, is_first_killed) VALUES (42, 3, 'don', 7, false, false);
INSERT INTO public.players_games (player_id, game_id, role, number, in_best_move, is_first_killed) VALUES (37, 3, 'mafia', 8, false, false);
INSERT INTO public.players_games (player_id, game_id, role, number, in_best_move, is_first_killed) VALUES (41, 3, 'civilian', 9, false, false);
INSERT INTO public.players_games (player_id, game_id, role, number, in_best_move, is_first_killed) VALUES (45, 4, 'mafia', 1, false, false);
INSERT INTO public.players_games (player_id, game_id, role, number, in_best_move, is_first_killed) VALUES (37, 4, 'civilian', 2, false, false);
INSERT INTO public.players_games (player_id, game_id, role, number, in_best_move, is_first_killed) VALUES (44, 4, 'mafia', 3, false, false);
INSERT INTO public.players_games (player_id, game_id, role, number, in_best_move, is_first_killed) VALUES (40, 4, 'civilian', 4, false, false);
INSERT INTO public.players_games (player_id, game_id, role, number, in_best_move, is_first_killed) VALUES (43, 4, 'sheriff', 5, false, false);
INSERT INTO public.players_games (player_id, game_id, role, number, in_best_move, is_first_killed) VALUES (35, 4, 'civilian', 6, false, false);
INSERT INTO public.players_games (player_id, game_id, role, number, in_best_move, is_first_killed) VALUES (42, 4, 'civilian', 7, false, false);
INSERT INTO public.players_games (player_id, game_id, role, number, in_best_move, is_first_killed) VALUES (38, 4, 'civilian', 8, false, false);
INSERT INTO public.players_games (player_id, game_id, role, number, in_best_move, is_first_killed) VALUES (36, 4, 'civilian', 9, false, false);
INSERT INTO public.players_games (player_id, game_id, role, number, in_best_move, is_first_killed) VALUES (34, 4, 'don', 10, false, false);
INSERT INTO public.players_games (player_id, game_id, role, number, in_best_move, is_first_killed) VALUES (44, 5, 'civilian', 1, false, false);
INSERT INTO public.players_games (player_id, game_id, role, number, in_best_move, is_first_killed) VALUES (37, 5, 'civilian', 2, false, false);
INSERT INTO public.players_games (player_id, game_id, role, number, in_best_move, is_first_killed) VALUES (41, 5, 'don', 3, false, false);
INSERT INTO public.players_games (player_id, game_id, role, number, in_best_move, is_first_killed) VALUES (43, 5, 'civilian', 4, false, false);
INSERT INTO public.players_games (player_id, game_id, role, number, in_best_move, is_first_killed) VALUES (38, 5, 'civilian', 5, false, false);
INSERT INTO public.players_games (player_id, game_id, role, number, in_best_move, is_first_killed) VALUES (36, 5, 'civilian', 6, false, false);
INSERT INTO public.players_games (player_id, game_id, role, number, in_best_move, is_first_killed) VALUES (40, 5, 'civilian', 7, false, false);
INSERT INTO public.players_games (player_id, game_id, role, number, in_best_move, is_first_killed) VALUES (45, 5, 'sheriff', 8, false, false);
INSERT INTO public.players_games (player_id, game_id, role, number, in_best_move, is_first_killed) VALUES (34, 5, 'mafia', 9, false, false);
INSERT INTO public.players_games (player_id, game_id, role, number, in_best_move, is_first_killed) VALUES (35, 5, 'mafia', 10, false, false);
INSERT INTO public.players_games (player_id, game_id, role, number, in_best_move, is_first_killed) VALUES (34, 6, 'don', 1, false, false);
INSERT INTO public.players_games (player_id, game_id, role, number, in_best_move, is_first_killed) VALUES (38, 6, 'civilian', 2, false, false);
INSERT INTO public.players_games (player_id, game_id, role, number, in_best_move, is_first_killed) VALUES (40, 6, 'civilian', 3, false, false);
INSERT INTO public.players_games (player_id, game_id, role, number, in_best_move, is_first_killed) VALUES (37, 6, 'civilian', 4, false, false);
INSERT INTO public.players_games (player_id, game_id, role, number, in_best_move, is_first_killed) VALUES (44, 6, 'civilian', 5, false, false);
INSERT INTO public.players_games (player_id, game_id, role, number, in_best_move, is_first_killed) VALUES (43, 6, 'mafia', 6, false, false);
INSERT INTO public.players_games (player_id, game_id, role, number, in_best_move, is_first_killed) VALUES (41, 6, 'civilian', 7, false, false);
INSERT INTO public.players_games (player_id, game_id, role, number, in_best_move, is_first_killed) VALUES (36, 6, 'sheriff', 8, false, false);
INSERT INTO public.players_games (player_id, game_id, role, number, in_best_move, is_first_killed) VALUES (45, 6, 'civilian', 9, false, false);
INSERT INTO public.players_games (player_id, game_id, role, number, in_best_move, is_first_killed) VALUES (35, 6, 'mafia', 10, false, false);
INSERT INTO public.players_games (player_id, game_id, role, number, in_best_move, is_first_killed) VALUES (38, 7, 'civilian', 1, false, false);
INSERT INTO public.players_games (player_id, game_id, role, number, in_best_move, is_first_killed) VALUES (34, 7, 'mafia', 3, false, false);
INSERT INTO public.players_games (player_id, game_id, role, number, in_best_move, is_first_killed) VALUES (39, 7, 'civilian', 5, false, false);
INSERT INTO public.players_games (player_id, game_id, role, number, in_best_move, is_first_killed) VALUES (44, 7, 'civilian', 6, false, false);
INSERT INTO public.players_games (player_id, game_id, role, number, in_best_move, is_first_killed) VALUES (37, 7, 'mafia', 8, false, false);
INSERT INTO public.players_games (player_id, game_id, role, number, in_best_move, is_first_killed) VALUES (43, 7, 'don', 9, false, false);
INSERT INTO public.players_games (player_id, game_id, role, number, in_best_move, is_first_killed) VALUES (47, 8, 'mafia', 1, false, false);
INSERT INTO public.players_games (player_id, game_id, role, number, in_best_move, is_first_killed) VALUES (46, 8, 'civilian', 2, false, false);
INSERT INTO public.players_games (player_id, game_id, role, number, in_best_move, is_first_killed) VALUES (42, 8, 'civilian', 3, false, false);
INSERT INTO public.players_games (player_id, game_id, role, number, in_best_move, is_first_killed) VALUES (36, 8, 'civilian', 4, false, false);
INSERT INTO public.players_games (player_id, game_id, role, number, in_best_move, is_first_killed) VALUES (44, 8, 'sheriff', 5, false, false);
INSERT INTO public.players_games (player_id, game_id, role, number, in_best_move, is_first_killed) VALUES (43, 8, 'civilian', 6, false, false);
INSERT INTO public.players_games (player_id, game_id, role, number, in_best_move, is_first_killed) VALUES (43, 9, 'civilian', 1, false, false);
INSERT INTO public.players_games (player_id, game_id, role, number, in_best_move, is_first_killed) VALUES (48, 9, 'civilian', 2, false, false);
INSERT INTO public.players_games (player_id, game_id, role, number, in_best_move, is_first_killed) VALUES (34, 9, 'civilian', 3, false, false);
INSERT INTO public.players_games (player_id, game_id, role, number, in_best_move, is_first_killed) VALUES (36, 9, 'civilian', 4, false, false);
INSERT INTO public.players_games (player_id, game_id, role, number, in_best_move, is_first_killed) VALUES (42, 9, 'don', 5, false, false);
INSERT INTO public.players_games (player_id, game_id, role, number, in_best_move, is_first_killed) VALUES (44, 9, 'mafia', 6, false, false);
INSERT INTO public.players_games (player_id, game_id, role, number, in_best_move, is_first_killed) VALUES (37, 9, 'mafia', 7, false, false);
INSERT INTO public.players_games (player_id, game_id, role, number, in_best_move, is_first_killed) VALUES (40, 9, 'sheriff', 8, false, false);
INSERT INTO public.players_games (player_id, game_id, role, number, in_best_move, is_first_killed) VALUES (35, 9, 'civilian', 9, false, false);
INSERT INTO public.players_games (player_id, game_id, role, number, in_best_move, is_first_killed) VALUES (34, 10, 'civilian', 1, false, false);
INSERT INTO public.players_games (player_id, game_id, role, number, in_best_move, is_first_killed) VALUES (42, 10, 'civilian', 2, false, false);
INSERT INTO public.players_games (player_id, game_id, role, number, in_best_move, is_first_killed) VALUES (48, 10, 'mafia', 3, false, false);
INSERT INTO public.players_games (player_id, game_id, role, number, in_best_move, is_first_killed) VALUES (37, 10, 'mafia', 4, false, false);
INSERT INTO public.players_games (player_id, game_id, role, number, in_best_move, is_first_killed) VALUES (36, 10, 'civilian', 5, false, false);
INSERT INTO public.players_games (player_id, game_id, role, number, in_best_move, is_first_killed) VALUES (35, 10, 'civilian', 6, false, false);
INSERT INTO public.players_games (player_id, game_id, role, number, in_best_move, is_first_killed) VALUES (40, 10, 'civilian', 8, false, false);
INSERT INTO public.players_games (player_id, game_id, role, number, in_best_move, is_first_killed) VALUES (43, 10, 'don', 9, false, false);
INSERT INTO public.players_games (player_id, game_id, role, number, in_best_move, is_first_killed) VALUES (44, 10, 'sheriff', 10, false, false);
INSERT INTO public.players_games (player_id, game_id, role, number, in_best_move, is_first_killed) VALUES (49, 10, 'civilian', 7, false, false);
INSERT INTO public.players_games (player_id, game_id, role, number, in_best_move, is_first_killed) VALUES (48, 11, 'civilian', 1, false, false);
INSERT INTO public.players_games (player_id, game_id, role, number, in_best_move, is_first_killed) VALUES (49, 11, 'mafia', 2, false, false);
INSERT INTO public.players_games (player_id, game_id, role, number, in_best_move, is_first_killed) VALUES (34, 11, 'civilian', 3, false, false);
INSERT INTO public.players_games (player_id, game_id, role, number, in_best_move, is_first_killed) VALUES (43, 11, 'civilian', 4, false, false);
INSERT INTO public.players_games (player_id, game_id, role, number, in_best_move, is_first_killed) VALUES (42, 11, 'don', 5, false, false);
INSERT INTO public.players_games (player_id, game_id, role, number, in_best_move, is_first_killed) VALUES (37, 11, 'civilian', 6, false, false);
INSERT INTO public.players_games (player_id, game_id, role, number, in_best_move, is_first_killed) VALUES (40, 11, 'civilian', 7, false, false);
INSERT INTO public.players_games (player_id, game_id, role, number, in_best_move, is_first_killed) VALUES (36, 11, 'sheriff', 8, false, false);
INSERT INTO public.players_games (player_id, game_id, role, number, in_best_move, is_first_killed) VALUES (44, 11, 'civilian', 9, false, false);
INSERT INTO public.players_games (player_id, game_id, role, number, in_best_move, is_first_killed) VALUES (35, 11, 'mafia', 10, false, false);
INSERT INTO public.players_games (player_id, game_id, role, number, in_best_move, is_first_killed) VALUES (44, 12, 'mafia', 1, false, false);
INSERT INTO public.players_games (player_id, game_id, role, number, in_best_move, is_first_killed) VALUES (35, 12, 'civilian', 2, false, false);
INSERT INTO public.players_games (player_id, game_id, role, number, in_best_move, is_first_killed) VALUES (36, 12, 'civilian', 3, false, false);
INSERT INTO public.players_games (player_id, game_id, role, number, in_best_move, is_first_killed) VALUES (43, 12, 'civilian', 4, false, false);
INSERT INTO public.players_games (player_id, game_id, role, number, in_best_move, is_first_killed) VALUES (40, 12, 'mafia', 5, false, false);
INSERT INTO public.players_games (player_id, game_id, role, number, in_best_move, is_first_killed) VALUES (49, 12, 'civilian', 6, false, false);
INSERT INTO public.players_games (player_id, game_id, role, number, in_best_move, is_first_killed) VALUES (42, 12, 'don', 7, false, false);
INSERT INTO public.players_games (player_id, game_id, role, number, in_best_move, is_first_killed) VALUES (48, 12, 'civilian', 8, false, false);
INSERT INTO public.players_games (player_id, game_id, role, number, in_best_move, is_first_killed) VALUES (37, 12, 'civilian', 9, false, false);
INSERT INTO public.players_games (player_id, game_id, role, number, in_best_move, is_first_killed) VALUES (34, 12, 'sheriff', 10, false, false);
INSERT INTO public.players_games (player_id, game_id, role, number, in_best_move, is_first_killed) VALUES (49, 13, 'sheriff', 1, false, false);
INSERT INTO public.players_games (player_id, game_id, role, number, in_best_move, is_first_killed) VALUES (42, 13, 'civilian', 2, false, false);
INSERT INTO public.players_games (player_id, game_id, role, number, in_best_move, is_first_killed) VALUES (41, 13, 'don', 3, false, false);
INSERT INTO public.players_games (player_id, game_id, role, number, in_best_move, is_first_killed) VALUES (40, 13, 'civilian', 4, false, false);
INSERT INTO public.players_games (player_id, game_id, role, number, in_best_move, is_first_killed) VALUES (38, 13, 'mafia', 5, false, false);
INSERT INTO public.players_games (player_id, game_id, role, number, in_best_move, is_first_killed) VALUES (48, 13, 'civilian', 6, false, false);
INSERT INTO public.players_games (player_id, game_id, role, number, in_best_move, is_first_killed) VALUES (34, 13, 'civilian', 7, false, false);
INSERT INTO public.players_games (player_id, game_id, role, number, in_best_move, is_first_killed) VALUES (37, 13, 'mafia', 8, false, false);
INSERT INTO public.players_games (player_id, game_id, role, number, in_best_move, is_first_killed) VALUES (44, 13, 'civilian', 9, false, false);
INSERT INTO public.players_games (player_id, game_id, role, number, in_best_move, is_first_killed) VALUES (38, 14, 'civilian', 1, false, false);
INSERT INTO public.players_games (player_id, game_id, role, number, in_best_move, is_first_killed) VALUES (44, 14, 'civilian', 2, false, false);
INSERT INTO public.players_games (player_id, game_id, role, number, in_best_move, is_first_killed) VALUES (48, 14, 'don', 3, false, false);
INSERT INTO public.players_games (player_id, game_id, role, number, in_best_move, is_first_killed) VALUES (41, 14, 'civilian', 4, false, false);
INSERT INTO public.players_games (player_id, game_id, role, number, in_best_move, is_first_killed) VALUES (42, 14, 'mafia', 5, false, false);
INSERT INTO public.players_games (player_id, game_id, role, number, in_best_move, is_first_killed) VALUES (37, 14, 'civilian', 6, false, false);
INSERT INTO public.players_games (player_id, game_id, role, number, in_best_move, is_first_killed) VALUES (40, 14, 'civilian', 7, false, false);
INSERT INTO public.players_games (player_id, game_id, role, number, in_best_move, is_first_killed) VALUES (34, 14, 'sheriff', 8, false, false);
INSERT INTO public.players_games (player_id, game_id, role, number, in_best_move, is_first_killed) VALUES (49, 14, 'mafia', 9, false, false);
INSERT INTO public.players_games (player_id, game_id, role, number, in_best_move, is_first_killed) VALUES (41, 15, 'don', 1, false, false);
INSERT INTO public.players_games (player_id, game_id, role, number, in_best_move, is_first_killed) VALUES (34, 15, 'civilian', 2, false, false);
INSERT INTO public.players_games (player_id, game_id, role, number, in_best_move, is_first_killed) VALUES (48, 15, 'mafia', 3, false, false);
INSERT INTO public.players_games (player_id, game_id, role, number, in_best_move, is_first_killed) VALUES (42, 15, 'sheriff', 4, false, false);
INSERT INTO public.players_games (player_id, game_id, role, number, in_best_move, is_first_killed) VALUES (38, 15, 'civilian', 5, false, false);
INSERT INTO public.players_games (player_id, game_id, role, number, in_best_move, is_first_killed) VALUES (44, 15, 'civilian', 6, false, false);
INSERT INTO public.players_games (player_id, game_id, role, number, in_best_move, is_first_killed) VALUES (49, 15, 'civilian', 7, false, false);
INSERT INTO public.players_games (player_id, game_id, role, number, in_best_move, is_first_killed) VALUES (40, 15, 'mafia', 8, false, false);
INSERT INTO public.players_games (player_id, game_id, role, number, in_best_move, is_first_killed) VALUES (37, 15, 'civilian', 9, false, false);
INSERT INTO public.players_games (player_id, game_id, role, number, in_best_move, is_first_killed) VALUES (49, 16, 'don', 1, false, false);
INSERT INTO public.players_games (player_id, game_id, role, number, in_best_move, is_first_killed) VALUES (44, 16, 'mafia', 3, false, false);
INSERT INTO public.players_games (player_id, game_id, role, number, in_best_move, is_first_killed) VALUES (34, 16, 'sheriff', 2, false, false);
INSERT INTO public.players_games (player_id, game_id, role, number, in_best_move, is_first_killed) VALUES (42, 16, 'civilian', 4, false, false);
INSERT INTO public.players_games (player_id, game_id, role, number, in_best_move, is_first_killed) VALUES (43, 16, 'civilian', 5, false, false);
INSERT INTO public.players_games (player_id, game_id, role, number, in_best_move, is_first_killed) VALUES (46, 16, 'civilian', 6, false, false);
INSERT INTO public.players_games (player_id, game_id, role, number, in_best_move, is_first_killed) VALUES (40, 16, 'civilian', 7, false, false);
INSERT INTO public.players_games (player_id, game_id, role, number, in_best_move, is_first_killed) VALUES (37, 16, 'civilian', 8, false, false);
INSERT INTO public.players_games (player_id, game_id, role, number, in_best_move, is_first_killed) VALUES (35, 16, 'mafia', 9, false, false);
INSERT INTO public.players_games (player_id, game_id, role, number, in_best_move, is_first_killed) VALUES (50, 16, 'civilian', 10, false, false);
INSERT INTO public.players_games (player_id, game_id, role, number, in_best_move, is_first_killed) VALUES (41, 17, 'civilian', 1, false, false);
INSERT INTO public.players_games (player_id, game_id, role, number, in_best_move, is_first_killed) VALUES (42, 17, 'civilian', 2, false, false);
INSERT INTO public.players_games (player_id, game_id, role, number, in_best_move, is_first_killed) VALUES (50, 17, 'don', 3, false, false);
INSERT INTO public.players_games (player_id, game_id, role, number, in_best_move, is_first_killed) VALUES (40, 8, 'civilian', 8, true, false);
INSERT INTO public.players_games (player_id, game_id, role, number, in_best_move, is_first_killed) VALUES (41, 7, 'sheriff', 2, true, false);
INSERT INTO public.players_games (player_id, game_id, role, number, in_best_move, is_first_killed) VALUES (36, 7, 'civilian', 7, true, false);
INSERT INTO public.players_games (player_id, game_id, role, number, in_best_move, is_first_killed) VALUES (35, 7, 'civilian', 4, false, true);
INSERT INTO public.players_games (player_id, game_id, role, number, in_best_move, is_first_killed) VALUES (38, 3, 'civilian', 4, true, false);
INSERT INTO public.players_games (player_id, game_id, role, number, in_best_move, is_first_killed) VALUES (35, 3, 'civilian', 5, true, false);
INSERT INTO public.players_games (player_id, game_id, role, number, in_best_move, is_first_killed) VALUES (36, 3, 'civilian', 10, false, true);
INSERT INTO public.players_games (player_id, game_id, role, number, in_best_move, is_first_killed) VALUES (45, 2, 'civilian', 1, true, false);
INSERT INTO public.players_games (player_id, game_id, role, number, in_best_move, is_first_killed) VALUES (44, 2, 'sheriff', 5, true, false);
INSERT INTO public.players_games (player_id, game_id, role, number, in_best_move, is_first_killed) VALUES (40, 2, 'civilian', 6, true, false);
INSERT INTO public.players_games (player_id, game_id, role, number, in_best_move, is_first_killed) VALUES (41, 1, 'mafia', 2, true, false);
INSERT INTO public.players_games (player_id, game_id, role, number, in_best_move, is_first_killed) VALUES (36, 1, 'civilian', 1, true, false);
INSERT INTO public.players_games (player_id, game_id, role, number, in_best_move, is_first_killed) VALUES (43, 1, 'civilian', 6, true, false);
INSERT INTO public.players_games (player_id, game_id, role, number, in_best_move, is_first_killed) VALUES (34, 1, 'civilian', 8, true, false);
INSERT INTO public.players_games (player_id, game_id, role, number, in_best_move, is_first_killed) VALUES (45, 1, 'mafia', 10, true, false);
INSERT INTO public.players_games (player_id, game_id, role, number, in_best_move, is_first_killed) VALUES (35, 2, 'civilian', 8, false, true);
INSERT INTO public.players_games (player_id, game_id, role, number, in_best_move, is_first_killed) VALUES (44, 17, 'civilian', 4, false, false);
INSERT INTO public.players_games (player_id, game_id, role, number, in_best_move, is_first_killed) VALUES (35, 17, 'mafia', 8, false, false);
INSERT INTO public.players_games (player_id, game_id, role, number, in_best_move, is_first_killed) VALUES (40, 17, 'sheriff', 9, false, false);
INSERT INTO public.players_games (player_id, game_id, role, number, in_best_move, is_first_killed) VALUES (49, 17, 'mafia', 5, false, false);
INSERT INTO public.players_games (player_id, game_id, role, number, in_best_move, is_first_killed) VALUES (35, 18, 'civilian', 6, false, false);
INSERT INTO public.players_games (player_id, game_id, role, number, in_best_move, is_first_killed) VALUES (41, 18, 'sheriff', 5, false, false);
INSERT INTO public.players_games (player_id, game_id, role, number, in_best_move, is_first_killed) VALUES (49, 18, 'civilian', 4, false, false);
INSERT INTO public.players_games (player_id, game_id, role, number, in_best_move, is_first_killed) VALUES (42, 18, 'don', 7, false, false);
INSERT INTO public.players_games (player_id, game_id, role, number, in_best_move, is_first_killed) VALUES (46, 18, 'civilian', 10, false, false);
INSERT INTO public.players_games (player_id, game_id, role, number, in_best_move, is_first_killed) VALUES (37, 17, 'civilian', 6, false, false);
INSERT INTO public.players_games (player_id, game_id, role, number, in_best_move, is_first_killed) VALUES (34, 17, 'civilian', 7, false, false);
INSERT INTO public.players_games (player_id, game_id, role, number, in_best_move, is_first_killed) VALUES (43, 17, 'civilian', 10, false, false);
INSERT INTO public.players_games (player_id, game_id, role, number, in_best_move, is_first_killed) VALUES (43, 18, 'mafia', 1, false, false);
INSERT INTO public.players_games (player_id, game_id, role, number, in_best_move, is_first_killed) VALUES (34, 18, 'civilian', 2, false, false);
INSERT INTO public.players_games (player_id, game_id, role, number, in_best_move, is_first_killed) VALUES (37, 18, 'civilian', 3, false, false);
INSERT INTO public.players_games (player_id, game_id, role, number, in_best_move, is_first_killed) VALUES (44, 18, 'mafia', 8, false, false);
INSERT INTO public.players_games (player_id, game_id, role, number, in_best_move, is_first_killed) VALUES (40, 18, 'civilian', 9, false, false);
INSERT INTO public.players_games (player_id, game_id, role, number, in_best_move, is_first_killed) VALUES (37, 19, 'sheriff', 9, false, false);
INSERT INTO public.players_games (player_id, game_id, role, number, in_best_move, is_first_killed) VALUES (46, 19, 'mafia', 1, false, false);
INSERT INTO public.players_games (player_id, game_id, role, number, in_best_move, is_first_killed) VALUES (34, 19, 'mafia', 4, false, false);
INSERT INTO public.players_games (player_id, game_id, role, number, in_best_move, is_first_killed) VALUES (44, 19, 'don', 7, false, false);
INSERT INTO public.players_games (player_id, game_id, role, number, in_best_move, is_first_killed) VALUES (49, 19, 'civilian', 2, false, false);
INSERT INTO public.players_games (player_id, game_id, role, number, in_best_move, is_first_killed) VALUES (40, 19, 'civilian', 3, false, false);
INSERT INTO public.players_games (player_id, game_id, role, number, in_best_move, is_first_killed) VALUES (47, 19, 'civilian', 5, false, false);
INSERT INTO public.players_games (player_id, game_id, role, number, in_best_move, is_first_killed) VALUES (43, 19, 'civilian', 6, false, false);
INSERT INTO public.players_games (player_id, game_id, role, number, in_best_move, is_first_killed) VALUES (41, 19, 'civilian', 8, false, false);
INSERT INTO public.players_games (player_id, game_id, role, number, in_best_move, is_first_killed) VALUES (35, 19, 'civilian', 10, false, false);
INSERT INTO public.players_games (player_id, game_id, role, number, in_best_move, is_first_killed) VALUES (44, 20, 'don', 9, false, false);
INSERT INTO public.players_games (player_id, game_id, role, number, in_best_move, is_first_killed) VALUES (41, 20, 'mafia', 8, false, false);
INSERT INTO public.players_games (player_id, game_id, role, number, in_best_move, is_first_killed) VALUES (40, 20, 'sheriff', 6, false, false);
INSERT INTO public.players_games (player_id, game_id, role, number, in_best_move, is_first_killed) VALUES (49, 20, 'mafia', 7, false, false);
INSERT INTO public.players_games (player_id, game_id, role, number, in_best_move, is_first_killed) VALUES (37, 20, 'civilian', 1, false, false);
INSERT INTO public.players_games (player_id, game_id, role, number, in_best_move, is_first_killed) VALUES (46, 20, 'civilian', 2, false, false);
INSERT INTO public.players_games (player_id, game_id, role, number, in_best_move, is_first_killed) VALUES (47, 20, 'civilian', 3, false, false);
INSERT INTO public.players_games (player_id, game_id, role, number, in_best_move, is_first_killed) VALUES (35, 20, 'civilian', 5, false, false);
INSERT INTO public.players_games (player_id, game_id, role, number, in_best_move, is_first_killed) VALUES (34, 20, 'civilian', 4, false, false);
INSERT INTO public.players_games (player_id, game_id, role, number, in_best_move, is_first_killed) VALUES (43, 20, 'civilian', 10, false, false);
INSERT INTO public.players_games (player_id, game_id, role, number, in_best_move, is_first_killed) VALUES (47, 21, 'mafia', 1, false, false);
INSERT INTO public.players_games (player_id, game_id, role, number, in_best_move, is_first_killed) VALUES (41, 21, 'mafia', 9, false, false);
INSERT INTO public.players_games (player_id, game_id, role, number, in_best_move, is_first_killed) VALUES (49, 21, 'don', 10, false, false);
INSERT INTO public.players_games (player_id, game_id, role, number, in_best_move, is_first_killed) VALUES (46, 21, 'sheriff', 3, false, false);
INSERT INTO public.players_games (player_id, game_id, role, number, in_best_move, is_first_killed) VALUES (37, 21, 'civilian', 2, false, false);
INSERT INTO public.players_games (player_id, game_id, role, number, in_best_move, is_first_killed) VALUES (43, 21, 'civilian', 4, false, false);
INSERT INTO public.players_games (player_id, game_id, role, number, in_best_move, is_first_killed) VALUES (34, 21, 'civilian', 6, false, false);
INSERT INTO public.players_games (player_id, game_id, role, number, in_best_move, is_first_killed) VALUES (40, 21, 'civilian', 5, false, false);
INSERT INTO public.players_games (player_id, game_id, role, number, in_best_move, is_first_killed) VALUES (44, 21, 'civilian', 7, false, false);
INSERT INTO public.players_games (player_id, game_id, role, number, in_best_move, is_first_killed) VALUES (35, 21, 'civilian', 8, false, false);
INSERT INTO public.players_games (player_id, game_id, role, number, in_best_move, is_first_killed) VALUES (44, 22, 'mafia', 2, false, false);
INSERT INTO public.players_games (player_id, game_id, role, number, in_best_move, is_first_killed) VALUES (34, 22, 'mafia', 6, false, false);
INSERT INTO public.players_games (player_id, game_id, role, number, in_best_move, is_first_killed) VALUES (42, 22, 'civilian', 3, false, false);
INSERT INTO public.players_games (player_id, game_id, role, number, in_best_move, is_first_killed) VALUES (40, 22, 'civilian', 4, false, false);
INSERT INTO public.players_games (player_id, game_id, role, number, in_best_move, is_first_killed) VALUES (36, 22, 'civilian', 5, false, false);
INSERT INTO public.players_games (player_id, game_id, role, number, in_best_move, is_first_killed) VALUES (43, 22, 'civilian', 8, false, false);
INSERT INTO public.players_games (player_id, game_id, role, number, in_best_move, is_first_killed) VALUES (40, 23, 'don', 7, false, false);
INSERT INTO public.players_games (player_id, game_id, role, number, in_best_move, is_first_killed) VALUES (41, 23, 'mafia', 2, false, false);
INSERT INTO public.players_games (player_id, game_id, role, number, in_best_move, is_first_killed) VALUES (42, 23, 'civilian', 4, false, false);
INSERT INTO public.players_games (player_id, game_id, role, number, in_best_move, is_first_killed) VALUES (46, 23, 'civilian', 8, false, false);
INSERT INTO public.players_games (player_id, game_id, role, number, in_best_move, is_first_killed) VALUES (44, 23, 'civilian', 5, false, false);
INSERT INTO public.players_games (player_id, game_id, role, number, in_best_move, is_first_killed) VALUES (37, 23, 'civilian', 6, false, false);
INSERT INTO public.players_games (player_id, game_id, role, number, in_best_move, is_first_killed) VALUES (40, 24, 'mafia', 3, false, false);
INSERT INTO public.players_games (player_id, game_id, role, number, in_best_move, is_first_killed) VALUES (43, 24, 'mafia', 6, false, false);
INSERT INTO public.players_games (player_id, game_id, role, number, in_best_move, is_first_killed) VALUES (36, 24, 'civilian', 1, false, false);
INSERT INTO public.players_games (player_id, game_id, role, number, in_best_move, is_first_killed) VALUES (37, 24, 'civilian', 2, false, false);
INSERT INTO public.players_games (player_id, game_id, role, number, in_best_move, is_first_killed) VALUES (39, 24, 'civilian', 5, false, false);
INSERT INTO public.players_games (player_id, game_id, role, number, in_best_move, is_first_killed) VALUES (46, 24, 'civilian', 7, false, false);
INSERT INTO public.players_games (player_id, game_id, role, number, in_best_move, is_first_killed) VALUES (34, 25, 'mafia', 10, false, false);
INSERT INTO public.players_games (player_id, game_id, role, number, in_best_move, is_first_killed) VALUES (46, 25, 'civilian', 1, false, false);
INSERT INTO public.players_games (player_id, game_id, role, number, in_best_move, is_first_killed) VALUES (37, 25, 'civilian', 2, false, false);
INSERT INTO public.players_games (player_id, game_id, role, number, in_best_move, is_first_killed) VALUES (41, 25, 'civilian', 3, false, false);
INSERT INTO public.players_games (player_id, game_id, role, number, in_best_move, is_first_killed) VALUES (51, 25, 'civilian', 6, false, false);
INSERT INTO public.players_games (player_id, game_id, role, number, in_best_move, is_first_killed) VALUES (40, 25, 'civilian', 7, false, false);
INSERT INTO public.players_games (player_id, game_id, role, number, in_best_move, is_first_killed) VALUES (51, 26, 'mafia', 1, false, false);
INSERT INTO public.players_games (player_id, game_id, role, number, in_best_move, is_first_killed) VALUES (44, 26, 'mafia', 4, false, false);
INSERT INTO public.players_games (player_id, game_id, role, number, in_best_move, is_first_killed) VALUES (37, 26, 'sheriff', 2, false, false);
INSERT INTO public.players_games (player_id, game_id, role, number, in_best_move, is_first_killed) VALUES (34, 26, 'civilian', 9, false, false);
INSERT INTO public.players_games (player_id, game_id, role, number, in_best_move, is_first_killed) VALUES (36, 26, 'civilian', 3, false, false);
INSERT INTO public.players_games (player_id, game_id, role, number, in_best_move, is_first_killed) VALUES (43, 26, 'civilian', 6, false, false);
INSERT INTO public.players_games (player_id, game_id, role, number, in_best_move, is_first_killed) VALUES (40, 27, 'mafia', 7, false, false);
INSERT INTO public.players_games (player_id, game_id, role, number, in_best_move, is_first_killed) VALUES (36, 27, 'sheriff', 3, false, false);
INSERT INTO public.players_games (player_id, game_id, role, number, in_best_move, is_first_killed) VALUES (42, 27, 'civilian', 1, false, false);
INSERT INTO public.players_games (player_id, game_id, role, number, in_best_move, is_first_killed) VALUES (37, 27, 'civilian', 5, false, false);
INSERT INTO public.players_games (player_id, game_id, role, number, in_best_move, is_first_killed) VALUES (35, 27, 'civilian', 9, false, false);
INSERT INTO public.players_games (player_id, game_id, role, number, in_best_move, is_first_killed) VALUES (44, 27, 'civilian', 10, false, false);
INSERT INTO public.players_games (player_id, game_id, role, number, in_best_move, is_first_killed) VALUES (42, 28, 'mafia', 2, false, false);
INSERT INTO public.players_games (player_id, game_id, role, number, in_best_move, is_first_killed) VALUES (51, 28, 'sheriff', 3, false, false);
INSERT INTO public.players_games (player_id, game_id, role, number, in_best_move, is_first_killed) VALUES (37, 28, 'civilian', 4, false, false);
INSERT INTO public.players_games (player_id, game_id, role, number, in_best_move, is_first_killed) VALUES (40, 28, 'civilian', 5, false, false);
INSERT INTO public.players_games (player_id, game_id, role, number, in_best_move, is_first_killed) VALUES (43, 28, 'civilian', 8, false, false);
INSERT INTO public.players_games (player_id, game_id, role, number, in_best_move, is_first_killed) VALUES (34, 28, 'civilian', 10, false, false);
INSERT INTO public.players_games (player_id, game_id, role, number, in_best_move, is_first_killed) VALUES (34, 29, 'don', 5, false, false);
INSERT INTO public.players_games (player_id, game_id, role, number, in_best_move, is_first_killed) VALUES (44, 29, 'mafia', 6, false, false);
INSERT INTO public.players_games (player_id, game_id, role, number, in_best_move, is_first_killed) VALUES (36, 29, 'mafia', 7, false, false);
INSERT INTO public.players_games (player_id, game_id, role, number, in_best_move, is_first_killed) VALUES (40, 29, 'sheriff', 10, false, false);
INSERT INTO public.players_games (player_id, game_id, role, number, in_best_move, is_first_killed) VALUES (48, 29, 'civilian', 1, false, false);
INSERT INTO public.players_games (player_id, game_id, role, number, in_best_move, is_first_killed) VALUES (42, 29, 'civilian', 2, false, false);
INSERT INTO public.players_games (player_id, game_id, role, number, in_best_move, is_first_killed) VALUES (52, 29, 'civilian', 3, false, false);
INSERT INTO public.players_games (player_id, game_id, role, number, in_best_move, is_first_killed) VALUES (35, 29, 'civilian', 4, false, false);
INSERT INTO public.players_games (player_id, game_id, role, number, in_best_move, is_first_killed) VALUES (41, 29, 'civilian', 8, false, false);
INSERT INTO public.players_games (player_id, game_id, role, number, in_best_move, is_first_killed) VALUES (43, 29, 'civilian', 9, false, false);
INSERT INTO public.players_games (player_id, game_id, role, number, in_best_move, is_first_killed) VALUES (43, 30, 'don', 3, false, false);
INSERT INTO public.players_games (player_id, game_id, role, number, in_best_move, is_first_killed) VALUES (34, 30, 'mafia', 7, false, false);
INSERT INTO public.players_games (player_id, game_id, role, number, in_best_move, is_first_killed) VALUES (42, 30, 'mafia', 10, false, false);
INSERT INTO public.players_games (player_id, game_id, role, number, in_best_move, is_first_killed) VALUES (36, 30, 'sheriff', 6, false, false);
INSERT INTO public.players_games (player_id, game_id, role, number, in_best_move, is_first_killed) VALUES (41, 30, 'civilian', 1, false, false);
INSERT INTO public.players_games (player_id, game_id, role, number, in_best_move, is_first_killed) VALUES (35, 30, 'civilian', 2, false, false);
INSERT INTO public.players_games (player_id, game_id, role, number, in_best_move, is_first_killed) VALUES (44, 30, 'civilian', 4, false, false);
INSERT INTO public.players_games (player_id, game_id, role, number, in_best_move, is_first_killed) VALUES (52, 30, 'civilian', 5, false, false);
INSERT INTO public.players_games (player_id, game_id, role, number, in_best_move, is_first_killed) VALUES (48, 30, 'civilian', 8, false, false);
INSERT INTO public.players_games (player_id, game_id, role, number, in_best_move, is_first_killed) VALUES (40, 30, 'civilian', 9, false, false);
INSERT INTO public.players_games (player_id, game_id, role, number, in_best_move, is_first_killed) VALUES (44, 31, 'civilian', 2, false, false);
INSERT INTO public.players_games (player_id, game_id, role, number, in_best_move, is_first_killed) VALUES (42, 31, 'civilian', 3, false, false);
INSERT INTO public.players_games (player_id, game_id, role, number, in_best_move, is_first_killed) VALUES (38, 31, 'mafia', 8, false, false);
INSERT INTO public.players_games (player_id, game_id, role, number, in_best_move, is_first_killed) VALUES (40, 31, 'mafia', 6, false, false);
INSERT INTO public.players_games (player_id, game_id, role, number, in_best_move, is_first_killed) VALUES (53, 31, 'civilian', 5, false, false);
INSERT INTO public.players_games (player_id, game_id, role, number, in_best_move, is_first_killed) VALUES (34, 31, 'don', 10, false, false);
INSERT INTO public.players_games (player_id, game_id, role, number, in_best_move, is_first_killed) VALUES (36, 32, 'civilian', 2, false, false);
INSERT INTO public.players_games (player_id, game_id, role, number, in_best_move, is_first_killed) VALUES (44, 32, 'civilian', 5, false, false);
INSERT INTO public.players_games (player_id, game_id, role, number, in_best_move, is_first_killed) VALUES (35, 32, 'civilian', 6, false, false);
INSERT INTO public.players_games (player_id, game_id, role, number, in_best_move, is_first_killed) VALUES (53, 32, 'civilian', 8, false, false);
INSERT INTO public.players_games (player_id, game_id, role, number, in_best_move, is_first_killed) VALUES (34, 32, 'mafia', 9, false, false);
INSERT INTO public.players_games (player_id, game_id, role, number, in_best_move, is_first_killed) VALUES (38, 32, 'civilian', 10, false, false);
INSERT INTO public.players_games (player_id, game_id, role, number, in_best_move, is_first_killed) VALUES (44, 33, 'civilian', 1, false, false);
INSERT INTO public.players_games (player_id, game_id, role, number, in_best_move, is_first_killed) VALUES (38, 33, 'sheriff', 2, false, false);
INSERT INTO public.players_games (player_id, game_id, role, number, in_best_move, is_first_killed) VALUES (36, 33, 'mafia', 5, false, false);
INSERT INTO public.players_games (player_id, game_id, role, number, in_best_move, is_first_killed) VALUES (35, 33, 'civilian', 8, false, false);
INSERT INTO public.players_games (player_id, game_id, role, number, in_best_move, is_first_killed) VALUES (41, 33, 'don', 7, true, false);
INSERT INTO public.players_games (player_id, game_id, role, number, in_best_move, is_first_killed) VALUES (40, 32, 'sheriff', 3, false, true);
INSERT INTO public.players_games (player_id, game_id, role, number, in_best_move, is_first_killed) VALUES (42, 33, 'civilian', 10, true, true);
INSERT INTO public.players_games (player_id, game_id, role, number, in_best_move, is_first_killed) VALUES (41, 32, 'civilian', 7, true, false);
INSERT INTO public.players_games (player_id, game_id, role, number, in_best_move, is_first_killed) VALUES (42, 32, 'mafia', 1, true, false);
INSERT INTO public.players_games (player_id, game_id, role, number, in_best_move, is_first_killed) VALUES (43, 32, 'don', 4, true, false);
INSERT INTO public.players_games (player_id, game_id, role, number, in_best_move, is_first_killed) VALUES (43, 31, 'civilian', 4, true, false);
INSERT INTO public.players_games (player_id, game_id, role, number, in_best_move, is_first_killed) VALUES (36, 31, 'civilian', 7, true, false);
INSERT INTO public.players_games (player_id, game_id, role, number, in_best_move, is_first_killed) VALUES (35, 31, 'sheriff', 1, false, true);
INSERT INTO public.players_games (player_id, game_id, role, number, in_best_move, is_first_killed) VALUES (44, 28, 'civilian', 7, false, true);
INSERT INTO public.players_games (player_id, game_id, role, number, in_best_move, is_first_killed) VALUES (41, 28, 'don', 9, true, false);
INSERT INTO public.players_games (player_id, game_id, role, number, in_best_move, is_first_killed) VALUES (35, 28, 'civilian', 6, true, false);
INSERT INTO public.players_games (player_id, game_id, role, number, in_best_move, is_first_killed) VALUES (36, 28, 'mafia', 1, true, false);
INSERT INTO public.players_games (player_id, game_id, role, number, in_best_move, is_first_killed) VALUES (51, 27, 'mafia', 2, true, false);
INSERT INTO public.players_games (player_id, game_id, role, number, in_best_move, is_first_killed) VALUES (43, 27, 'don', 6, true, false);
INSERT INTO public.players_games (player_id, game_id, role, number, in_best_move, is_first_killed) VALUES (41, 27, 'civilian', 4, false, true);
INSERT INTO public.players_games (player_id, game_id, role, number, in_best_move, is_first_killed) VALUES (40, 26, 'civilian', 5, false, true);
INSERT INTO public.players_games (player_id, game_id, role, number, in_best_move, is_first_killed) VALUES (41, 26, 'don', 8, true, false);
INSERT INTO public.players_games (player_id, game_id, role, number, in_best_move, is_first_killed) VALUES (35, 26, 'civilian', 10, true, false);
INSERT INTO public.players_games (player_id, game_id, role, number, in_best_move, is_first_killed) VALUES (36, 25, 'civilian', 4, false, true);
INSERT INTO public.players_games (player_id, game_id, role, number, in_best_move, is_first_killed) VALUES (43, 25, 'mafia', 9, true, false);
INSERT INTO public.players_games (player_id, game_id, role, number, in_best_move, is_first_killed) VALUES (44, 25, 'don', 5, true, false);
INSERT INTO public.players_games (player_id, game_id, role, number, in_best_move, is_first_killed) VALUES (35, 25, 'sheriff', 8, true, false);
INSERT INTO public.players_games (player_id, game_id, role, number, in_best_move, is_first_killed) VALUES (44, 24, 'civilian', 8, false, true);
INSERT INTO public.players_games (player_id, game_id, role, number, in_best_move, is_first_killed) VALUES (42, 24, 'don', 9, true, false);
INSERT INTO public.players_games (player_id, game_id, role, number, in_best_move, is_first_killed) VALUES (41, 24, 'sheriff', 10, true, false);
INSERT INTO public.players_games (player_id, game_id, role, number, in_best_move, is_first_killed) VALUES (34, 23, 'civilian', 3, false, true);
INSERT INTO public.players_games (player_id, game_id, role, number, in_best_move, is_first_killed) VALUES (36, 23, 'mafia', 10, true, false);
INSERT INTO public.players_games (player_id, game_id, role, number, in_best_move, is_first_killed) VALUES (43, 23, 'sheriff', 9, true, false);
INSERT INTO public.players_games (player_id, game_id, role, number, in_best_move, is_first_killed) VALUES (37, 22, 'sheriff', 10, false, true);
INSERT INTO public.players_games (player_id, game_id, role, number, in_best_move, is_first_killed) VALUES (41, 22, 'don', 7, true, false);
INSERT INTO public.players_games (player_id, game_id, role, number, in_best_move, is_first_killed) VALUES (39, 22, 'civilian', 1, true, false);
INSERT INTO public.players_games (player_id, game_id, role, number, in_best_move, is_first_killed) VALUES (46, 22, 'civilian', 9, true, false);
INSERT INTO public.players_games (player_id, game_id, role, number, in_best_move, is_first_killed) VALUES (43, 33, 'mafia', 6, true, false);
INSERT INTO public.players_games (player_id, game_id, role, number, in_best_move, is_first_killed) VALUES (34, 33, 'civilian', 4, true, false);
INSERT INTO public.players_games (player_id, game_id, role, number, in_best_move, is_first_killed) VALUES (40, 33, 'civilian', 3, true, false);
INSERT INTO public.players_games (player_id, game_id, role, number, in_best_move, is_first_killed) VALUES (53, 33, 'civilian', 9, true, false);
INSERT INTO public.players_games (player_id, game_id, role, number, in_best_move, is_first_killed) VALUES (41, 31, 'civilian', 9, true, false);
INSERT INTO public.players_games (player_id, game_id, role, number, in_best_move, is_first_killed) VALUES (34, 27, 'civilian', 8, true, false);
INSERT INTO public.players_games (player_id, game_id, role, number, in_best_move, is_first_killed) VALUES (46, 26, 'civilian', 7, true, false);
INSERT INTO public.players_games (player_id, game_id, role, number, in_best_move, is_first_killed) VALUES (34, 24, 'civilian', 4, true, false);
INSERT INTO public.players_games (player_id, game_id, role, number, in_best_move, is_first_killed) VALUES (39, 23, 'civilian', 1, true, false);
INSERT INTO public.players_games (player_id, game_id, role, number, in_best_move, is_first_killed) VALUES (35, 8, 'civilian', 7, false, true);
INSERT INTO public.players_games (player_id, game_id, role, number, in_best_move, is_first_killed) VALUES (37, 8, 'mafia', 9, true, false);
INSERT INTO public.players_games (player_id, game_id, role, number, in_best_move, is_first_killed) VALUES (41, 8, 'don', 10, true, false);
INSERT INTO public.players_games (player_id, game_id, role, number, in_best_move, is_first_killed) VALUES (45, 7, 'civilian', 10, true, false);
INSERT INTO public.players_games (player_id, game_id, role, number, in_best_move, is_first_killed) VALUES (45, 3, 'civilian', 6, true, false);
INSERT INTO public.players_games (player_id, game_id, role, number, in_best_move, is_first_killed) VALUES (42, 1, 'sheriff', 5, true, true);
INSERT INTO public.players_games (player_id, game_id, role, number, in_best_move, is_first_killed) VALUES (52, 34, 'mafia', 1, false, false);
INSERT INTO public.players_games (player_id, game_id, role, number, in_best_move, is_first_killed) VALUES (41, 34, 'civilian', 2, false, false);
INSERT INTO public.players_games (player_id, game_id, role, number, in_best_move, is_first_killed) VALUES (43, 34, 'civilian', 4, false, false);
INSERT INTO public.players_games (player_id, game_id, role, number, in_best_move, is_first_killed) VALUES (36, 34, 'civilian', 6, false, false);
INSERT INTO public.players_games (player_id, game_id, role, number, in_best_move, is_first_killed) VALUES (44, 34, 'civilian', 8, false, false);
INSERT INTO public.players_games (player_id, game_id, role, number, in_best_move, is_first_killed) VALUES (46, 34, 'mafia', 10, false, false);
INSERT INTO public.players_games (player_id, game_id, role, number, in_best_move, is_first_killed) VALUES (34, 34, 'sheriff', 7, false, true);
INSERT INTO public.players_games (player_id, game_id, role, number, in_best_move, is_first_killed) VALUES (40, 34, 'civilian', 3, true, false);
INSERT INTO public.players_games (player_id, game_id, role, number, in_best_move, is_first_killed) VALUES (35, 34, 'don', 5, true, false);
INSERT INTO public.players_games (player_id, game_id, role, number, in_best_move, is_first_killed) VALUES (37, 34, 'civilian', 9, true, false);
INSERT INTO public.players_games (player_id, game_id, role, number, in_best_move, is_first_killed) VALUES (44, 35, 'mafia', 1, false, false);
INSERT INTO public.players_games (player_id, game_id, role, number, in_best_move, is_first_killed) VALUES (40, 35, 'civilian', 2, false, false);
INSERT INTO public.players_games (player_id, game_id, role, number, in_best_move, is_first_killed) VALUES (41, 35, 'civilian', 3, false, false);
INSERT INTO public.players_games (player_id, game_id, role, number, in_best_move, is_first_killed) VALUES (43, 35, 'civilian', 4, false, false);
INSERT INTO public.players_games (player_id, game_id, role, number, in_best_move, is_first_killed) VALUES (36, 35, 'mafia', 5, false, false);
INSERT INTO public.players_games (player_id, game_id, role, number, in_best_move, is_first_killed) VALUES (52, 35, 'sheriff', 6, false, false);
INSERT INTO public.players_games (player_id, game_id, role, number, in_best_move, is_first_killed) VALUES (37, 35, 'don', 7, false, false);
INSERT INTO public.players_games (player_id, game_id, role, number, in_best_move, is_first_killed) VALUES (34, 35, 'civilian', 8, false, false);
INSERT INTO public.players_games (player_id, game_id, role, number, in_best_move, is_first_killed) VALUES (35, 35, 'civilian', 9, false, false);
INSERT INTO public.players_games (player_id, game_id, role, number, in_best_move, is_first_killed) VALUES (46, 35, 'civilian', 10, false, false);
